path,label_id,label_name
images/train_hurricane_0017.jpg,2,hurricane
images/train_hurricane_0052.jpg,2,hurricane
images/train_hurricane_0171.jpg,2,hurricane
images/train_hurricane_0109.jpg,2,hurricane
images/train_hurricane_0181.jpg,2,hurricane
images/train_hurricane_0219.jpg,2,hurricane
images/train_hurricane_0068.jpg,2,hurricane
images/train_hurricane_0143.jpg,2,hurricane
images/train_hurricane_0059.jpg,2,hurricane
images/train_hurricane_0224.jpg,2,hurricane
images/train_hurricane_0003.jpg,2,hurricane
images/train_hurricane_0006.jpg,2,hurricane
images/train_hurricane_0147.jpg,2,hurricane
images/train_hurricane_0222.jpg,2,hurricane
images/train_hurricane_0026.jpg,2,hurricane
images/train_hurricane_0152.jpg,2,hurricane
images/train_hurricane_0064.jpg,2,hurricane
images/train_hurricane_0221.jpg,2,hurricane
images/train_hurricane_0092.jpg,2,hurricane
images/train_hurricane_0077.jpg,2,hurricane
images/train_hurricane_0096.jpg,2,hurricane
images/train_hurricane_0038.jpg,2,hurricane
images/train_hurricane_0155.jpg,2,hurricane
images/train_hurricane_0032.jpg,2,hurricane
images/train_hurricane_0088.jpg,2,hurricane
images/train_hurricane_0196.jpg,2,hurricane
images/train_hurricane_0105.jpg,2,hurricane
images/train_hurricane_0102.jpg,2,hurricane
images/train_hurricane_0063.jpg,2,hurricane
images/train_hurricane_0028.jpg,2,hurricane
images/train_hurricane_0167.jpg,2,hurricane
images/train_hurricane_0101.jpg,2,hurricane
images/train_hurricane_0139.jpg,2,hurricane
images/train_hurricane_0213.jpg,2,hurricane
images/train_hurricane_0121.jpg,2,hurricane
images/train_hurricane_0204.jpg,2,hurricane
images/train_hurricane_0132.jpg,2,hurricane
images/train_hurricane_0050.jpg,2,hurricane
images/train_hurricane_0165.jpg,2,hurricane
images/train_hurricane_0182.jpg,2,hurricane
images/train_hurricane_0002.jpg,2,hurricane
images/train_hurricane_0201.jpg,2,hurricane
images/train_hurricane_0094.jpg,2,hurricane
images/train_hurricane_0157.jpg,2,hurricane
images/train_hurricane_0206.jpg,2,hurricane
images/train_hurricane_0014.jpg,2,hurricane
images/train_hurricane_0085.jpg,2,hurricane
images/train_hurricane_0151.jpg,2,hurricane
images/train_hurricane_0164.jpg,2,hurricane
images/train_hurricane_0162.jpg,2,hurricane
images/train_hurricane_0161.jpg,2,hurricane
images/train_hurricane_0212.jpg,2,hurricane
images/train_hurricane_0011.jpg,2,hurricane
images/train_hurricane_0113.jpg,2,hurricane
images/train_hurricane_0126.jpg,2,hurricane
images/train_hurricane_0023.jpg,2,hurricane
images/train_hurricane_0134.jpg,2,hurricane
images/train_hurricane_0218.jpg,2,hurricane
images/train_hurricane_0008.jpg,2,hurricane
images/train_hurricane_0146.jpg,2,hurricane
images/train_hurricane_0051.jpg,2,hurricane
images/train_hurricane_0049.jpg,2,hurricane
images/train_hurricane_0193.jpg,2,hurricane
images/train_hurricane_0192.jpg,2,hurricane
images/train_hurricane_0138.jpg,2,hurricane
images/train_hurricane_0015.jpg,2,hurricane
images/train_hurricane_0116.jpg,2,hurricane
images/train_hurricane_0179.jpg,2,hurricane
images/train_hurricane_0119.jpg,2,hurricane
images/train_hurricane_0188.jpg,2,hurricane
images/train_hurricane_0039.jpg,2,hurricane
images/train_hurricane_0070.jpg,2,hurricane
images/train_hurricane_0168.jpg,2,hurricane
images/train_hurricane_0098.jpg,2,hurricane
images/train_hurricane_0090.jpg,2,hurricane
images/train_hurricane_0010.jpg,2,hurricane
images/train_hurricane_0131.jpg,2,hurricane
images/train_hurricane_0089.jpg,2,hurricane
images/train_hurricane_0191.jpg,2,hurricane
images/train_hurricane_0189.jpg,2,hurricane
images/train_hurricane_0061.jpg,2,hurricane
images/train_hurricane_0194.jpg,2,hurricane
images/train_hurricane_0125.jpg,2,hurricane
images/train_hurricane_0214.jpg,2,hurricane
images/train_hurricane_0137.jpg,2,hurricane
images/train_hurricane_0130.jpg,2,hurricane
images/train_hurricane_0033.jpg,2,hurricane
images/train_hurricane_0169.jpg,2,hurricane
images/train_hurricane_0228.jpg,2,hurricane
images/train_hurricane_0153.jpg,2,hurricane
images/train_hurricane_0095.jpg,2,hurricane
images/train_hurricane_0037.jpg,2,hurricane
images/train_hurricane_0001.jpg,2,hurricane
images/train_hurricane_0227.jpg,2,hurricane
images/train_hurricane_0082.jpg,2,hurricane
images/train_hurricane_0104.jpg,2,hurricane
images/train_hurricane_0133.jpg,2,hurricane
images/train_hurricane_0190.jpg,2,hurricane
images/train_hurricane_0186.jpg,2,hurricane
images/train_hurricane_0087.jpg,2,hurricane
images/train_hurricane_0211.jpg,2,hurricane
images/train_hurricane_0097.jpg,2,hurricane
images/train_hurricane_0142.jpg,2,hurricane
images/train_hurricane_0183.jpg,2,hurricane
images/train_hurricane_0009.jpg,2,hurricane
images/train_hurricane_0067.jpg,2,hurricane
images/train_hurricane_0107.jpg,2,hurricane
images/train_hurricane_0079.jpg,2,hurricane
images/train_hurricane_0035.jpg,2,hurricane
images/train_hurricane_0029.jpg,2,hurricane
images/train_hurricane_0149.jpg,2,hurricane
images/train_hurricane_0118.jpg,2,hurricane
images/train_hurricane_0220.jpg,2,hurricane
images/train_hurricane_0056.jpg,2,hurricane
images/train_hurricane_0195.jpg,2,hurricane
images/train_hurricane_0086.jpg,2,hurricane
images/train_hurricane_0044.jpg,2,hurricane
images/train_hurricane_0136.jpg,2,hurricane
images/train_hurricane_0048.jpg,2,hurricane
images/train_hurricane_0150.jpg,2,hurricane
images/train_hurricane_0019.jpg,2,hurricane
images/train_hurricane_0200.jpg,2,hurricane
images/train_hurricane_0041.jpg,2,hurricane
images/train_hurricane_0144.jpg,2,hurricane
images/train_hurricane_0071.jpg,2,hurricane
images/train_hurricane_0226.jpg,2,hurricane
images/train_hurricane_0127.jpg,2,hurricane
images/train_hurricane_0117.jpg,2,hurricane
images/train_hurricane_0124.jpg,2,hurricane
images/train_hurricane_0078.jpg,2,hurricane
images/train_hurricane_0040.jpg,2,hurricane
images/train_hurricane_0174.jpg,2,hurricane
images/train_hurricane_0007.jpg,2,hurricane
images/train_hurricane_0069.jpg,2,hurricane
images/train_hurricane_0103.jpg,2,hurricane
images/train_hurricane_0111.jpg,2,hurricane
images/train_hurricane_0034.jpg,2,hurricane
images/train_hurricane_0031.jpg,2,hurricane
images/train_hurricane_0005.jpg,2,hurricane
images/train_hurricane_0065.jpg,2,hurricane
images/train_hurricane_0209.jpg,2,hurricane
images/train_hurricane_0099.jpg,2,hurricane
images/train_hurricane_0122.jpg,2,hurricane
images/train_hurricane_0045.jpg,2,hurricane
images/train_hurricane_0080.jpg,2,hurricane
images/train_hurricane_0141.jpg,2,hurricane
images/train_hurricane_0054.jpg,2,hurricane
images/train_hurricane_0229.jpg,2,hurricane
images/train_hurricane_0205.jpg,2,hurricane
images/train_hurricane_0106.jpg,2,hurricane
images/train_hurricane_0175.jpg,2,hurricane
images/train_hurricane_0100.jpg,2,hurricane
images/train_hurricane_0060.jpg,2,hurricane
images/train_hurricane_0215.jpg,2,hurricane
images/train_hurricane_0074.jpg,2,hurricane
images/train_hurricane_0047.jpg,2,hurricane
images/train_hurricane_0154.jpg,2,hurricane
images/train_hurricane_0180.jpg,2,hurricane
images/train_hurricane_0172.jpg,2,hurricane
images/train_hurricane_0208.jpg,2,hurricane
images/train_hurricane_0187.jpg,2,hurricane
images/train_not_disaster_0249.jpg,5,not_disaster
images/train_not_disaster_0034.jpg,5,not_disaster
images/train_not_disaster_0342.jpg,5,not_disaster
images/train_not_disaster_0008.jpg,5,not_disaster
images/train_not_disaster_0152.jpg,5,not_disaster
images/train_not_disaster_0215.jpg,5,not_disaster
images/train_not_disaster_0011.jpg,5,not_disaster
images/train_not_disaster_0091.jpg,5,not_disaster
images/train_not_disaster_0015.jpg,5,not_disaster
images/train_not_disaster_0147.jpg,5,not_disaster
images/train_not_disaster_0236.jpg,5,not_disaster
images/train_not_disaster_0052.jpg,5,not_disaster
images/train_not_disaster_0047.jpg,5,not_disaster
images/train_not_disaster_0017.jpg,5,not_disaster
images/train_not_disaster_0218.jpg,5,not_disaster
images/train_not_disaster_0333.jpg,5,not_disaster
images/train_not_disaster_0148.jpg,5,not_disaster
images/train_not_disaster_0248.jpg,5,not_disaster
images/train_not_disaster_0099.jpg,5,not_disaster
images/train_not_disaster_0253.jpg,5,not_disaster
images/train_not_disaster_0164.jpg,5,not_disaster
images/train_not_disaster_0151.jpg,5,not_disaster
images/train_not_disaster_0106.jpg,5,not_disaster
images/train_not_disaster_0077.jpg,5,not_disaster
images/train_not_disaster_0062.jpg,5,not_disaster
images/train_not_disaster_0233.jpg,5,not_disaster
images/train_not_disaster_0225.jpg,5,not_disaster
images/train_not_disaster_0289.jpg,5,not_disaster
images/train_not_disaster_0240.jpg,5,not_disaster
images/train_not_disaster_0072.jpg,5,not_disaster
images/train_not_disaster_0258.jpg,5,not_disaster
images/train_not_disaster_0266.jpg,5,not_disaster
images/train_not_disaster_0329.jpg,5,not_disaster
images/train_not_disaster_0135.jpg,5,not_disaster
images/train_not_disaster_0252.jpg,5,not_disaster
images/train_not_disaster_0221.jpg,5,not_disaster
images/train_not_disaster_0131.jpg,5,not_disaster
images/train_not_disaster_0153.jpg,5,not_disaster
images/train_not_disaster_0295.jpg,5,not_disaster
images/train_not_disaster_0195.jpg,5,not_disaster
images/train_not_disaster_0338.jpg,5,not_disaster
images/train_not_disaster_0003.jpg,5,not_disaster
images/train_not_disaster_0232.jpg,5,not_disaster
images/train_not_disaster_0300.jpg,5,not_disaster
images/train_not_disaster_0078.jpg,5,not_disaster
images/train_not_disaster_0205.jpg,5,not_disaster
images/train_not_disaster_0123.jpg,5,not_disaster
images/train_not_disaster_0223.jpg,5,not_disaster
images/train_not_disaster_0172.jpg,5,not_disaster
images/train_not_disaster_0202.jpg,5,not_disaster
images/train_not_disaster_0060.jpg,5,not_disaster
images/train_not_disaster_0339.jpg,5,not_disaster
images/train_not_disaster_0169.jpg,5,not_disaster
images/train_not_disaster_0349.jpg,5,not_disaster
images/train_not_disaster_0264.jpg,5,not_disaster
images/train_not_disaster_0012.jpg,5,not_disaster
images/train_not_disaster_0167.jpg,5,not_disaster
images/train_not_disaster_0158.jpg,5,not_disaster
images/train_not_disaster_0007.jpg,5,not_disaster
images/train_not_disaster_0112.jpg,5,not_disaster
images/train_not_disaster_0163.jpg,5,not_disaster
images/train_not_disaster_0023.jpg,5,not_disaster
images/train_not_disaster_0220.jpg,5,not_disaster
images/train_not_disaster_0278.jpg,5,not_disaster
images/train_not_disaster_0178.jpg,5,not_disaster
images/train_not_disaster_0138.jpg,5,not_disaster
images/train_not_disaster_0024.jpg,5,not_disaster
images/train_not_disaster_0037.jpg,5,not_disaster
images/train_not_disaster_0108.jpg,5,not_disaster
images/train_not_disaster_0231.jpg,5,not_disaster
images/train_not_disaster_0027.jpg,5,not_disaster
images/train_not_disaster_0183.jpg,5,not_disaster
images/train_not_disaster_0026.jpg,5,not_disaster
images/train_not_disaster_0199.jpg,5,not_disaster
images/train_not_disaster_0191.jpg,5,not_disaster
images/train_not_disaster_0273.jpg,5,not_disaster
images/train_not_disaster_0134.jpg,5,not_disaster
images/train_not_disaster_0124.jpg,5,not_disaster
images/train_not_disaster_0025.jpg,5,not_disaster
images/train_not_disaster_0181.jpg,5,not_disaster
images/train_not_disaster_0149.jpg,5,not_disaster
images/train_not_disaster_0309.jpg,5,not_disaster
images/train_not_disaster_0010.jpg,5,not_disaster
images/train_not_disaster_0021.jpg,5,not_disaster
images/train_not_disaster_0331.jpg,5,not_disaster
images/train_not_disaster_0190.jpg,5,not_disaster
images/train_not_disaster_0128.jpg,5,not_disaster
images/train_not_disaster_0280.jpg,5,not_disaster
images/train_not_disaster_0100.jpg,5,not_disaster
images/train_not_disaster_0312.jpg,5,not_disaster
images/train_not_disaster_0330.jpg,5,not_disaster
images/train_not_disaster_0139.jpg,5,not_disaster
images/train_not_disaster_0261.jpg,5,not_disaster
images/train_not_disaster_0208.jpg,5,not_disaster
images/train_not_disaster_0111.jpg,5,not_disaster
images/train_not_disaster_0125.jpg,5,not_disaster
images/train_not_disaster_0182.jpg,5,not_disaster
images/train_not_disaster_0226.jpg,5,not_disaster
images/train_not_disaster_0234.jpg,5,not_disaster
images/train_not_disaster_0067.jpg,5,not_disaster
images/train_not_disaster_0228.jpg,5,not_disaster
images/train_not_disaster_0185.jpg,5,not_disaster
images/train_not_disaster_0055.jpg,5,not_disaster
images/train_not_disaster_0284.jpg,5,not_disaster
images/train_not_disaster_0324.jpg,5,not_disaster
images/train_not_disaster_0281.jpg,5,not_disaster
images/train_not_disaster_0174.jpg,5,not_disaster
images/train_not_disaster_0120.jpg,5,not_disaster
images/train_not_disaster_0074.jpg,5,not_disaster
images/train_not_disaster_0198.jpg,5,not_disaster
images/train_not_disaster_0192.jpg,5,not_disaster
images/train_not_disaster_0079.jpg,5,not_disaster
images/train_not_disaster_0044.jpg,5,not_disaster
images/train_not_disaster_0157.jpg,5,not_disaster
images/train_not_disaster_0325.jpg,5,not_disaster
images/train_not_disaster_0085.jpg,5,not_disaster
images/train_not_disaster_0335.jpg,5,not_disaster
images/train_not_disaster_0089.jpg,5,not_disaster
images/train_not_disaster_0265.jpg,5,not_disaster
images/train_not_disaster_0257.jpg,5,not_disaster
images/train_not_disaster_0146.jpg,5,not_disaster
images/train_not_disaster_0302.jpg,5,not_disaster
images/train_not_disaster_0137.jpg,5,not_disaster
images/train_not_disaster_0009.jpg,5,not_disaster
images/train_not_disaster_0040.jpg,5,not_disaster
images/train_not_disaster_0314.jpg,5,not_disaster
images/train_not_disaster_0041.jpg,5,not_disaster
images/train_not_disaster_0084.jpg,5,not_disaster
images/train_not_disaster_0053.jpg,5,not_disaster
images/train_not_disaster_0206.jpg,5,not_disaster
images/train_not_disaster_0299.jpg,5,not_disaster
images/train_not_disaster_0306.jpg,5,not_disaster
images/train_not_disaster_0296.jpg,5,not_disaster
images/train_not_disaster_0090.jpg,5,not_disaster
images/train_not_disaster_0276.jpg,5,not_disaster
images/train_not_disaster_0216.jpg,5,not_disaster
images/train_not_disaster_0063.jpg,5,not_disaster
images/train_not_disaster_0328.jpg,5,not_disaster
images/train_not_disaster_0311.jpg,5,not_disaster
images/train_not_disaster_0127.jpg,5,not_disaster
images/train_not_disaster_0117.jpg,5,not_disaster
images/train_not_disaster_0168.jpg,5,not_disaster
images/train_not_disaster_0307.jpg,5,not_disaster
images/train_not_disaster_0301.jpg,5,not_disaster
images/train_not_disaster_0294.jpg,5,not_disaster
images/train_not_disaster_0290.jpg,5,not_disaster
images/train_not_disaster_0321.jpg,5,not_disaster
images/train_not_disaster_0033.jpg,5,not_disaster
images/train_not_disaster_0292.jpg,5,not_disaster
images/train_not_disaster_0188.jpg,5,not_disaster
images/train_not_disaster_0211.jpg,5,not_disaster
images/train_not_disaster_0073.jpg,5,not_disaster
images/train_not_disaster_0291.jpg,5,not_disaster
images/train_not_disaster_0161.jpg,5,not_disaster
images/train_not_disaster_0245.jpg,5,not_disaster
images/train_not_disaster_0229.jpg,5,not_disaster
images/train_not_disaster_0246.jpg,5,not_disaster
images/train_not_disaster_0066.jpg,5,not_disaster
images/train_not_disaster_0113.jpg,5,not_disaster
images/train_not_disaster_0287.jpg,5,not_disaster
images/train_not_disaster_0323.jpg,5,not_disaster
images/train_not_disaster_0297.jpg,5,not_disaster
images/train_not_disaster_0092.jpg,5,not_disaster
images/train_not_disaster_0308.jpg,5,not_disaster
images/train_not_disaster_0102.jpg,5,not_disaster
images/train_not_disaster_0222.jpg,5,not_disaster
images/train_not_disaster_0001.jpg,5,not_disaster
images/train_not_disaster_0337.jpg,5,not_disaster
images/train_not_disaster_0175.jpg,5,not_disaster
images/train_not_disaster_0310.jpg,5,not_disaster
images/train_not_disaster_0256.jpg,5,not_disaster
images/train_not_disaster_0095.jpg,5,not_disaster
images/train_not_disaster_0014.jpg,5,not_disaster
images/train_not_disaster_0154.jpg,5,not_disaster
images/train_not_disaster_0260.jpg,5,not_disaster
images/train_not_disaster_0177.jpg,5,not_disaster
images/train_not_disaster_0036.jpg,5,not_disaster
images/train_not_disaster_0048.jpg,5,not_disaster
images/train_not_disaster_0274.jpg,5,not_disaster
images/train_not_disaster_0150.jpg,5,not_disaster
images/train_not_disaster_0213.jpg,5,not_disaster
images/train_not_disaster_0076.jpg,5,not_disaster
images/train_not_disaster_0082.jpg,5,not_disaster
images/train_not_disaster_0109.jpg,5,not_disaster
images/train_not_disaster_0132.jpg,5,not_disaster
images/train_not_disaster_0051.jpg,5,not_disaster
images/train_not_disaster_0224.jpg,5,not_disaster
images/train_not_disaster_0054.jpg,5,not_disaster
images/train_not_disaster_0121.jpg,5,not_disaster
images/train_not_disaster_0279.jpg,5,not_disaster
images/train_not_disaster_0194.jpg,5,not_disaster
images/train_not_disaster_0165.jpg,5,not_disaster
images/train_not_disaster_0189.jpg,5,not_disaster
images/train_not_disaster_0144.jpg,5,not_disaster
images/train_not_disaster_0031.jpg,5,not_disaster
images/train_not_disaster_0043.jpg,5,not_disaster
images/train_not_disaster_0050.jpg,5,not_disaster
images/train_not_disaster_0184.jpg,5,not_disaster
images/train_not_disaster_0057.jpg,5,not_disaster
images/train_not_disaster_0030.jpg,5,not_disaster
images/train_not_disaster_0304.jpg,5,not_disaster
images/train_not_disaster_0133.jpg,5,not_disaster
images/train_not_disaster_0334.jpg,5,not_disaster
images/train_not_disaster_0016.jpg,5,not_disaster
images/train_not_disaster_0344.jpg,5,not_disaster
images/train_not_disaster_0298.jpg,5,not_disaster
images/train_not_disaster_0101.jpg,5,not_disaster
images/train_not_disaster_0207.jpg,5,not_disaster
images/train_not_disaster_0316.jpg,5,not_disaster
images/train_not_disaster_0097.jpg,5,not_disaster
images/train_not_disaster_0186.jpg,5,not_disaster
images/train_not_disaster_0238.jpg,5,not_disaster
images/train_not_disaster_0141.jpg,5,not_disaster
images/train_not_disaster_0214.jpg,5,not_disaster
images/train_not_disaster_0347.jpg,5,not_disaster
images/train_not_disaster_0038.jpg,5,not_disaster
images/train_not_disaster_0173.jpg,5,not_disaster
images/train_not_disaster_0145.jpg,5,not_disaster
images/train_not_disaster_0262.jpg,5,not_disaster
images/train_not_disaster_0018.jpg,5,not_disaster
images/train_not_disaster_0250.jpg,5,not_disaster
images/train_not_disaster_0219.jpg,5,not_disaster
images/train_not_disaster_0196.jpg,5,not_disaster
images/train_not_disaster_0002.jpg,5,not_disaster
images/train_not_disaster_0022.jpg,5,not_disaster
images/train_not_disaster_0122.jpg,5,not_disaster
images/train_not_disaster_0318.jpg,5,not_disaster
images/train_not_disaster_0326.jpg,5,not_disaster
images/train_not_disaster_0251.jpg,5,not_disaster
images/train_not_disaster_0005.jpg,5,not_disaster
images/train_not_disaster_0322.jpg,5,not_disaster
images/train_not_disaster_0203.jpg,5,not_disaster
images/train_not_disaster_0285.jpg,5,not_disaster
images/train_not_disaster_0166.jpg,5,not_disaster
images/train_not_disaster_0058.jpg,5,not_disaster
images/train_not_disaster_0209.jpg,5,not_disaster
images/train_not_disaster_0080.jpg,5,not_disaster
images/train_not_disaster_0343.jpg,5,not_disaster
images/train_not_disaster_0061.jpg,5,not_disaster
images/train_not_disaster_0277.jpg,5,not_disaster
images/train_not_disaster_0140.jpg,5,not_disaster
images/train_not_disaster_0346.jpg,5,not_disaster
images/train_not_disaster_0275.jpg,5,not_disaster
images/train_not_disaster_0069.jpg,5,not_disaster
images/train_earthquake_0252.jpg,0,earthquake
images/train_earthquake_0172.jpg,0,earthquake
images/train_earthquake_0218.jpg,0,earthquake
images/train_earthquake_0232.jpg,0,earthquake
images/train_earthquake_0224.jpg,0,earthquake
images/train_earthquake_0079.jpg,0,earthquake
images/train_earthquake_0146.jpg,0,earthquake
images/train_earthquake_0327.jpg,0,earthquake
images/train_earthquake_0300.jpg,0,earthquake
images/train_earthquake_0220.jpg,0,earthquake
images/train_earthquake_0244.jpg,0,earthquake
images/train_earthquake_0289.jpg,0,earthquake
images/train_earthquake_0027.jpg,0,earthquake
images/train_earthquake_0278.jpg,0,earthquake
images/train_earthquake_0038.jpg,0,earthquake
images/train_earthquake_0215.jpg,0,earthquake
images/train_earthquake_0264.jpg,0,earthquake
images/train_earthquake_0081.jpg,0,earthquake
images/train_earthquake_0001.jpg,0,earthquake
images/train_earthquake_0170.jpg,0,earthquake
images/train_earthquake_0045.jpg,0,earthquake
images/train_earthquake_0063.jpg,0,earthquake
images/train_earthquake_0077.jpg,0,earthquake
images/train_earthquake_0010.jpg,0,earthquake
images/train_earthquake_0085.jpg,0,earthquake
images/train_earthquake_0332.jpg,0,earthquake
images/train_earthquake_0075.jpg,0,earthquake
images/train_earthquake_0234.jpg,0,earthquake
images/train_earthquake_0032.jpg,0,earthquake
images/train_earthquake_0266.jpg,0,earthquake
images/train_earthquake_0241.jpg,0,earthquake
images/train_earthquake_0277.jpg,0,earthquake
images/train_earthquake_0040.jpg,0,earthquake
images/train_earthquake_0253.jpg,0,earthquake
images/train_earthquake_0280.jpg,0,earthquake
images/train_earthquake_0123.jpg,0,earthquake
images/train_earthquake_0009.jpg,0,earthquake
images/train_earthquake_0179.jpg,0,earthquake
images/train_earthquake_0195.jpg,0,earthquake
images/train_earthquake_0164.jpg,0,earthquake
images/train_earthquake_0037.jpg,0,earthquake
images/train_earthquake_0270.jpg,0,earthquake
images/train_earthquake_0276.jpg,0,earthquake
images/train_earthquake_0306.jpg,0,earthquake
images/train_earthquake_0033.jpg,0,earthquake
images/train_earthquake_0335.jpg,0,earthquake
images/train_earthquake_0048.jpg,0,earthquake
images/train_earthquake_0333.jpg,0,earthquake
images/train_earthquake_0330.jpg,0,earthquake
images/train_earthquake_0251.jpg,0,earthquake
images/train_earthquake_0334.jpg,0,earthquake
images/train_earthquake_0030.jpg,0,earthquake
images/train_earthquake_0141.jpg,0,earthquake
images/train_earthquake_0155.jpg,0,earthquake
images/train_earthquake_0279.jpg,0,earthquake
images/train_earthquake_0176.jpg,0,earthquake
images/train_earthquake_0029.jpg,0,earthquake
images/train_earthquake_0004.jpg,0,earthquake
images/train_earthquake_0230.jpg,0,earthquake
images/train_earthquake_0113.jpg,0,earthquake
images/train_earthquake_0076.jpg,0,earthquake
images/train_earthquake_0310.jpg,0,earthquake
images/train_earthquake_0035.jpg,0,earthquake
images/train_earthquake_0286.jpg,0,earthquake
images/train_earthquake_0287.jpg,0,earthquake
images/train_earthquake_0214.jpg,0,earthquake
images/train_earthquake_0293.jpg,0,earthquake
images/train_earthquake_0221.jpg,0,earthquake
images/train_earthquake_0154.jpg,0,earthquake
images/train_earthquake_0205.jpg,0,earthquake
images/train_earthquake_0098.jpg,0,earthquake
images/train_earthquake_0297.jpg,0,earthquake
images/train_earthquake_0304.jpg,0,earthquake
images/train_earthquake_0070.jpg,0,earthquake
images/train_earthquake_0346.jpg,0,earthquake
images/train_earthquake_0014.jpg,0,earthquake
images/train_earthquake_0022.jpg,0,earthquake
images/train_earthquake_0344.jpg,0,earthquake
images/train_earthquake_0284.jpg,0,earthquake
images/train_earthquake_0271.jpg,0,earthquake
images/train_earthquake_0058.jpg,0,earthquake
images/train_earthquake_0275.jpg,0,earthquake
images/train_earthquake_0126.jpg,0,earthquake
images/train_earthquake_0261.jpg,0,earthquake
images/train_earthquake_0299.jpg,0,earthquake
images/train_earthquake_0201.jpg,0,earthquake
images/train_earthquake_0208.jpg,0,earthquake
images/train_earthquake_0056.jpg,0,earthquake
images/train_earthquake_0313.jpg,0,earthquake
images/train_earthquake_0013.jpg,0,earthquake
images/train_earthquake_0108.jpg,0,earthquake
images/train_earthquake_0055.jpg,0,earthquake
images/train_earthquake_0110.jpg,0,earthquake
images/train_earthquake_0105.jpg,0,earthquake
images/train_earthquake_0236.jpg,0,earthquake
images/train_earthquake_0067.jpg,0,earthquake
images/train_earthquake_0250.jpg,0,earthquake
images/train_earthquake_0034.jpg,0,earthquake
images/train_earthquake_0211.jpg,0,earthquake
images/train_earthquake_0272.jpg,0,earthquake
images/train_earthquake_0061.jpg,0,earthquake
images/train_earthquake_0047.jpg,0,earthquake
images/train_earthquake_0319.jpg,0,earthquake
images/train_earthquake_0282.jpg,0,earthquake
images/train_earthquake_0156.jpg,0,earthquake
images/train_earthquake_0213.jpg,0,earthquake
images/train_earthquake_0283.jpg,0,earthquake
images/train_earthquake_0302.jpg,0,earthquake
images/train_earthquake_0315.jpg,0,earthquake
images/train_earthquake_0225.jpg,0,earthquake
images/train_earthquake_0049.jpg,0,earthquake
images/train_earthquake_0100.jpg,0,earthquake
images/train_earthquake_0249.jpg,0,earthquake
images/train_earthquake_0257.jpg,0,earthquake
images/train_earthquake_0031.jpg,0,earthquake
images/train_earthquake_0041.jpg,0,earthquake
images/train_earthquake_0219.jpg,0,earthquake
images/train_earthquake_0183.jpg,0,earthquake
images/train_earthquake_0065.jpg,0,earthquake
images/train_earthquake_0064.jpg,0,earthquake
images/train_earthquake_0259.jpg,0,earthquake
images/train_earthquake_0162.jpg,0,earthquake
images/train_earthquake_0087.jpg,0,earthquake
images/train_earthquake_0337.jpg,0,earthquake
images/train_earthquake_0144.jpg,0,earthquake
images/train_earthquake_0005.jpg,0,earthquake
images/train_earthquake_0187.jpg,0,earthquake
images/train_earthquake_0269.jpg,0,earthquake
images/train_earthquake_0228.jpg,0,earthquake
images/train_earthquake_0192.jpg,0,earthquake
images/train_earthquake_0199.jpg,0,earthquake
images/train_earthquake_0254.jpg,0,earthquake
images/train_earthquake_0311.jpg,0,earthquake
images/train_earthquake_0114.jpg,0,earthquake
images/train_earthquake_0240.jpg,0,earthquake
images/train_earthquake_0338.jpg,0,earthquake
images/train_earthquake_0097.jpg,0,earthquake
images/train_earthquake_0026.jpg,0,earthquake
images/train_earthquake_0184.jpg,0,earthquake
images/train_earthquake_0329.jpg,0,earthquake
images/train_earthquake_0159.jpg,0,earthquake
images/train_earthquake_0262.jpg,0,earthquake
images/train_earthquake_0017.jpg,0,earthquake
images/train_earthquake_0128.jpg,0,earthquake
images/train_earthquake_0102.jpg,0,earthquake
images/train_earthquake_0268.jpg,0,earthquake
images/train_earthquake_0309.jpg,0,earthquake
images/train_earthquake_0314.jpg,0,earthquake
images/train_earthquake_0206.jpg,0,earthquake
images/train_earthquake_0216.jpg,0,earthquake
images/train_earthquake_0068.jpg,0,earthquake
images/train_earthquake_0343.jpg,0,earthquake
images/train_earthquake_0007.jpg,0,earthquake
images/train_earthquake_0088.jpg,0,earthquake
images/train_earthquake_0307.jpg,0,earthquake
images/train_earthquake_0052.jpg,0,earthquake
images/train_earthquake_0089.jpg,0,earthquake
images/train_earthquake_0301.jpg,0,earthquake
images/train_earthquake_0181.jpg,0,earthquake
images/train_earthquake_0091.jpg,0,earthquake
images/train_earthquake_0290.jpg,0,earthquake
images/train_earthquake_0177.jpg,0,earthquake
images/train_earthquake_0348.jpg,0,earthquake
images/train_earthquake_0150.jpg,0,earthquake
images/train_earthquake_0124.jpg,0,earthquake
images/train_earthquake_0324.jpg,0,earthquake
images/train_earthquake_0316.jpg,0,earthquake
images/train_earthquake_0238.jpg,0,earthquake
images/train_earthquake_0008.jpg,0,earthquake
images/train_earthquake_0173.jpg,0,earthquake
images/train_earthquake_0080.jpg,0,earthquake
images/train_earthquake_0011.jpg,0,earthquake
images/train_earthquake_0204.jpg,0,earthquake
images/train_earthquake_0242.jpg,0,earthquake
images/train_earthquake_0003.jpg,0,earthquake
images/train_earthquake_0012.jpg,0,earthquake
images/train_earthquake_0121.jpg,0,earthquake
images/train_earthquake_0328.jpg,0,earthquake
images/train_earthquake_0233.jpg,0,earthquake
images/train_earthquake_0200.jpg,0,earthquake
images/train_earthquake_0127.jpg,0,earthquake
images/train_earthquake_0130.jpg,0,earthquake
images/train_earthquake_0243.jpg,0,earthquake
images/train_earthquake_0295.jpg,0,earthquake
images/train_earthquake_0189.jpg,0,earthquake
images/train_earthquake_0171.jpg,0,earthquake
images/train_earthquake_0120.jpg,0,earthquake
images/train_earthquake_0136.jpg,0,earthquake
images/train_earthquake_0298.jpg,0,earthquake
images/train_earthquake_0149.jpg,0,earthquake
images/train_earthquake_0347.jpg,0,earthquake
images/train_earthquake_0083.jpg,0,earthquake
images/train_earthquake_0190.jpg,0,earthquake
images/train_earthquake_0139.jpg,0,earthquake
images/train_earthquake_0101.jpg,0,earthquake
images/train_earthquake_0024.jpg,0,earthquake
images/train_earthquake_0345.jpg,0,earthquake
images/train_earthquake_0161.jpg,0,earthquake
images/train_earthquake_0339.jpg,0,earthquake
images/train_earthquake_0074.jpg,0,earthquake
images/train_earthquake_0168.jpg,0,earthquake
images/train_earthquake_0158.jpg,0,earthquake
images/train_earthquake_0212.jpg,0,earthquake
images/train_earthquake_0186.jpg,0,earthquake
images/train_earthquake_0203.jpg,0,earthquake
images/train_earthquake_0157.jpg,0,earthquake
images/train_earthquake_0066.jpg,0,earthquake
images/train_earthquake_0015.jpg,0,earthquake
images/train_earthquake_0071.jpg,0,earthquake
images/train_earthquake_0248.jpg,0,earthquake
images/train_earthquake_0134.jpg,0,earthquake
images/train_earthquake_0023.jpg,0,earthquake
images/train_earthquake_0133.jpg,0,earthquake
images/train_earthquake_0094.jpg,0,earthquake
images/train_earthquake_0231.jpg,0,earthquake
images/train_earthquake_0137.jpg,0,earthquake
images/train_earthquake_0196.jpg,0,earthquake
images/train_earthquake_0193.jpg,0,earthquake
images/train_earthquake_0118.jpg,0,earthquake
images/train_earthquake_0207.jpg,0,earthquake
images/train_earthquake_0043.jpg,0,earthquake
images/train_earthquake_0119.jpg,0,earthquake
images/train_earthquake_0147.jpg,0,earthquake
images/train_earthquake_0198.jpg,0,earthquake
images/train_earthquake_0263.jpg,0,earthquake
images/train_earthquake_0202.jpg,0,earthquake
images/train_earthquake_0059.jpg,0,earthquake
images/train_earthquake_0095.jpg,0,earthquake
images/train_earthquake_0188.jpg,0,earthquake
images/train_earthquake_0281.jpg,0,earthquake
images/train_earthquake_0115.jpg,0,earthquake
images/train_earthquake_0320.jpg,0,earthquake
images/train_earthquake_0178.jpg,0,earthquake
images/train_earthquake_0099.jpg,0,earthquake
images/train_earthquake_0131.jpg,0,earthquake
images/train_earthquake_0060.jpg,0,earthquake
images/train_earthquake_0129.jpg,0,earthquake
images/train_earthquake_0072.jpg,0,earthquake
images/train_earthquake_0191.jpg,0,earthquake
images/train_earthquake_0135.jpg,0,earthquake
images/train_earthquake_0053.jpg,0,earthquake
images/train_earthquake_0296.jpg,0,earthquake
images/train_earthquake_0107.jpg,0,earthquake
images/train_earthquake_0227.jpg,0,earthquake
images/train_flood_0012.jpg,1,flood
images/train_flood_0157.jpg,1,flood
images/train_flood_0000.jpg,1,flood
images/train_flood_0011.jpg,1,flood
images/train_flood_0009.jpg,1,flood
images/train_flood_0097.jpg,1,flood
images/train_flood_0006.jpg,1,flood
images/train_flood_0092.jpg,1,flood
images/train_flood_0101.jpg,1,flood
images/train_flood_0113.jpg,1,flood
images/train_flood_0065.jpg,1,flood
images/train_flood_0059.jpg,1,flood
images/train_flood_0145.jpg,1,flood
images/train_flood_0125.jpg,1,flood
images/train_flood_0062.jpg,1,flood
images/train_flood_0064.jpg,1,flood
images/train_flood_0124.jpg,1,flood
images/train_flood_0067.jpg,1,flood
images/train_flood_0123.jpg,1,flood
images/train_flood_0095.jpg,1,flood
images/train_flood_0076.jpg,1,flood
images/train_flood_0119.jpg,1,flood
images/train_flood_0135.jpg,1,flood
images/train_flood_0038.jpg,1,flood
images/train_flood_0007.jpg,1,flood
images/train_flood_0063.jpg,1,flood
images/train_flood_0044.jpg,1,flood
images/train_flood_0115.jpg,1,flood
images/train_flood_0070.jpg,1,flood
images/train_flood_0041.jpg,1,flood
images/train_flood_0108.jpg,1,flood
images/train_flood_0046.jpg,1,flood
images/train_flood_0117.jpg,1,flood
images/train_flood_0072.jpg,1,flood
images/train_flood_0056.jpg,1,flood
images/train_flood_0032.jpg,1,flood
images/train_flood_0016.jpg,1,flood
images/train_flood_0131.jpg,1,flood
images/train_flood_0122.jpg,1,flood
images/train_flood_0075.jpg,1,flood
images/train_flood_0043.jpg,1,flood
images/train_flood_0087.jpg,1,flood
images/train_flood_0139.jpg,1,flood
images/train_flood_0074.jpg,1,flood
images/train_flood_0049.jpg,1,flood
images/train_flood_0077.jpg,1,flood
images/train_flood_0127.jpg,1,flood
images/train_flood_0085.jpg,1,flood
images/train_flood_0154.jpg,1,flood
images/train_flood_0140.jpg,1,flood
images/train_flood_0036.jpg,1,flood
images/train_flood_0060.jpg,1,flood
images/train_flood_0052.jpg,1,flood
images/train_flood_0158.jpg,1,flood
images/train_flood_0078.jpg,1,flood
images/train_flood_0112.jpg,1,flood
images/train_flood_0098.jpg,1,flood
images/train_flood_0019.jpg,1,flood
images/train_flood_0109.jpg,1,flood
images/train_flood_0003.jpg,1,flood
images/train_flood_0104.jpg,1,flood
images/train_flood_0081.jpg,1,flood
images/train_flood_0054.jpg,1,flood
images/train_flood_0042.jpg,1,flood
images/train_flood_0051.jpg,1,flood
images/train_flood_0091.jpg,1,flood
images/train_flood_0155.jpg,1,flood
images/train_flood_0088.jpg,1,flood
images/train_flood_0133.jpg,1,flood
images/train_flood_0151.jpg,1,flood
images/train_flood_0037.jpg,1,flood
images/train_flood_0118.jpg,1,flood
images/train_flood_0034.jpg,1,flood
images/train_flood_0073.jpg,1,flood
images/train_flood_0068.jpg,1,flood
images/train_flood_0005.jpg,1,flood
images/train_flood_0024.jpg,1,flood
images/train_flood_0084.jpg,1,flood
images/train_flood_0026.jpg,1,flood
images/train_flood_0080.jpg,1,flood
images/train_flood_0061.jpg,1,flood
images/train_flood_0025.jpg,1,flood
images/train_flood_0008.jpg,1,flood
images/train_flood_0020.jpg,1,flood
images/train_flood_0058.jpg,1,flood
images/train_flood_0130.jpg,1,flood
images/train_flood_0021.jpg,1,flood
images/train_flood_0107.jpg,1,flood
images/train_flood_0048.jpg,1,flood
images/train_flood_0057.jpg,1,flood
images/train_flood_0136.jpg,1,flood
images/train_flood_0013.jpg,1,flood
images/train_flood_0110.jpg,1,flood
images/train_flood_0031.jpg,1,flood
images/train_flood_0143.jpg,1,flood
images/train_flood_0105.jpg,1,flood
images/train_flood_0142.jpg,1,flood
images/train_flood_0045.jpg,1,flood
images/train_flood_0082.jpg,1,flood
images/train_flood_0150.jpg,1,flood
images/train_flood_0141.jpg,1,flood
images/train_flood_0147.jpg,1,flood
images/train_flood_0018.jpg,1,flood
images/train_flood_0079.jpg,1,flood
images/train_flood_0010.jpg,1,flood
images/train_flood_0015.jpg,1,flood
images/train_flood_0090.jpg,1,flood
images/train_flood_0149.jpg,1,flood
images/train_flood_0096.jpg,1,flood
images/train_flood_0002.jpg,1,flood
images/train_flood_0066.jpg,1,flood
images/train_other_disaster_0049.jpg,6,other_disaster
images/train_other_disaster_0122.jpg,6,other_disaster
images/train_other_disaster_0002.jpg,6,other_disaster
images/train_other_disaster_0080.jpg,6,other_disaster
images/train_other_disaster_0115.jpg,6,other_disaster
images/train_other_disaster_0035.jpg,6,other_disaster
images/train_other_disaster_0081.jpg,6,other_disaster
images/train_other_disaster_0073.jpg,6,other_disaster
images/train_other_disaster_0124.jpg,6,other_disaster
images/train_other_disaster_0085.jpg,6,other_disaster
images/train_other_disaster_0125.jpg,6,other_disaster
images/train_other_disaster_0131.jpg,6,other_disaster
images/train_other_disaster_0100.jpg,6,other_disaster
images/train_other_disaster_0007.jpg,6,other_disaster
images/train_other_disaster_0060.jpg,6,other_disaster
images/train_other_disaster_0013.jpg,6,other_disaster
images/train_other_disaster_0057.jpg,6,other_disaster
images/train_other_disaster_0044.jpg,6,other_disaster
images/train_other_disaster_0011.jpg,6,other_disaster
images/train_other_disaster_0144.jpg,6,other_disaster
images/train_other_disaster_0105.jpg,6,other_disaster
images/train_other_disaster_0064.jpg,6,other_disaster
images/train_other_disaster_0067.jpg,6,other_disaster
images/train_other_disaster_0065.jpg,6,other_disaster
images/train_other_disaster_0054.jpg,6,other_disaster
images/train_other_disaster_0037.jpg,6,other_disaster
images/train_other_disaster_0148.jpg,6,other_disaster
images/train_other_disaster_0157.jpg,6,other_disaster
images/train_other_disaster_0023.jpg,6,other_disaster
images/train_other_disaster_0155.jpg,6,other_disaster
images/train_other_disaster_0132.jpg,6,other_disaster
images/train_other_disaster_0079.jpg,6,other_disaster
images/train_other_disaster_0112.jpg,6,other_disaster
images/train_other_disaster_0027.jpg,6,other_disaster
images/train_other_disaster_0068.jpg,6,other_disaster
images/train_other_disaster_0150.jpg,6,other_disaster
images/train_other_disaster_0022.jpg,6,other_disaster
images/train_other_disaster_0165.jpg,6,other_disaster
images/train_other_disaster_0089.jpg,6,other_disaster
images/train_other_disaster_0092.jpg,6,other_disaster
images/train_other_disaster_0053.jpg,6,other_disaster
images/train_other_disaster_0033.jpg,6,other_disaster
images/train_other_disaster_0093.jpg,6,other_disaster
images/train_other_disaster_0158.jpg,6,other_disaster
images/train_other_disaster_0056.jpg,6,other_disaster
images/train_other_disaster_0031.jpg,6,other_disaster
images/train_other_disaster_0086.jpg,6,other_disaster
images/train_other_disaster_0137.jpg,6,other_disaster
images/train_other_disaster_0118.jpg,6,other_disaster
images/train_other_disaster_0017.jpg,6,other_disaster
images/train_other_disaster_0098.jpg,6,other_disaster
images/train_other_disaster_0116.jpg,6,other_disaster
images/train_other_disaster_0143.jpg,6,other_disaster
images/train_other_disaster_0120.jpg,6,other_disaster
images/train_other_disaster_0107.jpg,6,other_disaster
images/train_other_disaster_0147.jpg,6,other_disaster
images/train_other_disaster_0040.jpg,6,other_disaster
images/train_other_disaster_0121.jpg,6,other_disaster
images/train_other_disaster_0012.jpg,6,other_disaster
images/train_other_disaster_0114.jpg,6,other_disaster
images/train_other_disaster_0161.jpg,6,other_disaster
images/train_other_disaster_0042.jpg,6,other_disaster
images/train_other_disaster_0145.jpg,6,other_disaster
images/train_other_disaster_0126.jpg,6,other_disaster
images/train_other_disaster_0146.jpg,6,other_disaster
images/train_other_disaster_0019.jpg,6,other_disaster
images/train_other_disaster_0070.jpg,6,other_disaster
images/train_other_disaster_0129.jpg,6,other_disaster
images/train_other_disaster_0039.jpg,6,other_disaster
images/train_other_disaster_0128.jpg,6,other_disaster
images/train_other_disaster_0018.jpg,6,other_disaster
images/train_other_disaster_0167.jpg,6,other_disaster
images/train_other_disaster_0163.jpg,6,other_disaster
images/train_other_disaster_0063.jpg,6,other_disaster
images/train_other_disaster_0078.jpg,6,other_disaster
images/train_other_disaster_0141.jpg,6,other_disaster
images/train_other_disaster_0087.jpg,6,other_disaster
images/train_other_disaster_0153.jpg,6,other_disaster
images/train_other_disaster_0095.jpg,6,other_disaster
images/train_other_disaster_0113.jpg,6,other_disaster
images/train_other_disaster_0097.jpg,6,other_disaster
images/train_other_disaster_0051.jpg,6,other_disaster
images/train_other_disaster_0010.jpg,6,other_disaster
images/train_other_disaster_0094.jpg,6,other_disaster
images/train_other_disaster_0123.jpg,6,other_disaster
images/train_other_disaster_0041.jpg,6,other_disaster
images/train_other_disaster_0047.jpg,6,other_disaster
images/train_other_disaster_0109.jpg,6,other_disaster
images/train_other_disaster_0052.jpg,6,other_disaster
images/train_other_disaster_0066.jpg,6,other_disaster
images/train_other_disaster_0061.jpg,6,other_disaster
images/train_other_disaster_0102.jpg,6,other_disaster
images/train_other_disaster_0050.jpg,6,other_disaster
images/train_other_disaster_0151.jpg,6,other_disaster
images/train_other_disaster_0059.jpg,6,other_disaster
images/train_other_disaster_0021.jpg,6,other_disaster
images/train_other_disaster_0117.jpg,6,other_disaster
images/train_other_disaster_0076.jpg,6,other_disaster
images/train_other_disaster_0119.jpg,6,other_disaster
images/train_other_disaster_0136.jpg,6,other_disaster
images/train_other_disaster_0101.jpg,6,other_disaster
images/train_other_disaster_0170.jpg,6,other_disaster
images/train_other_disaster_0134.jpg,6,other_disaster
images/train_other_disaster_0062.jpg,6,other_disaster
images/train_other_disaster_0008.jpg,6,other_disaster
images/train_other_disaster_0099.jpg,6,other_disaster
images/train_other_disaster_0108.jpg,6,other_disaster
images/train_other_disaster_0090.jpg,6,other_disaster
images/train_other_disaster_0036.jpg,6,other_disaster
images/train_other_disaster_0046.jpg,6,other_disaster
images/train_other_disaster_0026.jpg,6,other_disaster
images/train_other_disaster_0172.jpg,6,other_disaster
images/train_other_disaster_0024.jpg,6,other_disaster
images/train_other_disaster_0103.jpg,6,other_disaster
images/train_other_disaster_0162.jpg,6,other_disaster
images/train_other_disaster_0169.jpg,6,other_disaster
images/train_other_disaster_0156.jpg,6,other_disaster
images/train_other_disaster_0096.jpg,6,other_disaster
images/train_other_disaster_0048.jpg,6,other_disaster
images/train_other_disaster_0032.jpg,6,other_disaster
images/train_other_disaster_0015.jpg,6,other_disaster
images/train_landslide_0015.jpg,4,landslide
images/train_landslide_0060.jpg,4,landslide
images/train_landslide_0003.jpg,4,landslide
images/train_landslide_0038.jpg,4,landslide
images/train_landslide_0018.jpg,4,landslide
images/train_landslide_0043.jpg,4,landslide
images/train_landslide_0046.jpg,4,landslide
images/train_landslide_0033.jpg,4,landslide
images/train_landslide_0019.jpg,4,landslide
images/train_landslide_0048.jpg,4,landslide
images/train_landslide_0039.jpg,4,landslide
images/train_landslide_0008.jpg,4,landslide
images/train_landslide_0042.jpg,4,landslide
images/train_landslide_0011.jpg,4,landslide
images/train_landslide_0027.jpg,4,landslide
images/train_landslide_0037.jpg,4,landslide
images/train_landslide_0013.jpg,4,landslide
images/train_landslide_0025.jpg,4,landslide
images/train_landslide_0009.jpg,4,landslide
images/train_landslide_0044.jpg,4,landslide
images/train_landslide_0051.jpg,4,landslide
images/train_landslide_0030.jpg,4,landslide
images/train_landslide_0024.jpg,4,landslide
images/train_landslide_0050.jpg,4,landslide
images/train_landslide_0041.jpg,4,landslide
images/train_landslide_0031.jpg,4,landslide
images/train_landslide_0045.jpg,4,landslide
images/train_landslide_0026.jpg,4,landslide
images/train_landslide_0058.jpg,4,landslide
images/train_landslide_0057.jpg,4,landslide
images/train_landslide_0055.jpg,4,landslide
images/train_landslide_0049.jpg,4,landslide
images/train_landslide_0032.jpg,4,landslide
images/train_landslide_0047.jpg,4,landslide
images/train_landslide_0054.jpg,4,landslide
images/train_landslide_0020.jpg,4,landslide
images/train_landslide_0017.jpg,4,landslide
images/train_landslide_0014.jpg,4,landslide
images/train_landslide_0059.jpg,4,landslide
images/train_landslide_0035.jpg,4,landslide
images/train_landslide_0029.jpg,4,landslide
images/train_landslide_0010.jpg,4,landslide
images/train_fire_0021.jpg,3,fire
images/train_fire_0019.jpg,3,fire
images/train_fire_0037.jpg,3,fire
images/train_fire_0013.jpg,3,fire
images/train_fire_0028.jpg,3,fire
images/train_fire_0022.jpg,3,fire
images/train_fire_0032.jpg,3,fire
images/train_fire_0010.jpg,3,fire
images/train_fire_0029.jpg,3,fire
images/train_fire_0031.jpg,3,fire
images/train_fire_0024.jpg,3,fire
images/train_fire_0007.jpg,3,fire
images/train_fire_0012.jpg,3,fire
images/train_fire_0034.jpg,3,fire
images/train_fire_0038.jpg,3,fire
images/train_fire_0023.jpg,3,fire
images/train_fire_0011.jpg,3,fire
images/train_fire_0006.jpg,3,fire
images/train_fire_0039.jpg,3,fire
images/train_fire_0036.jpg,3,fire
images/train_fire_0016.jpg,3,fire
images/train_fire_0015.jpg,3,fire
images/train_fire_0020.jpg,3,fire
images/train_fire_0014.jpg,3,fire
images/train_fire_0027.jpg,3,fire
images/train_fire_0030.jpg,3,fire
images/train_fire_0026.jpg,3,fire
images/train_fire_0003.jpg,3,fire
